artists,year,count
*NSYNC,2001,2
*NSYNC,2002,1
112,2001,2
2 Chainz,2017,1
21 Savage,2019,1
2Pac,2001,1
2Pac,2005,1
3 Doors Down,2003,1
3 Doors Down,2004,1
3 Doors Down,2005,1
3 Doors Down,2008,1
3LW,2001,1
3OH!3,2009,1
3OH!3,2010,2
5 Seconds of Summer,2014,2
5 Seconds of Summer,2018,1
5 Seconds of Summer,2019,1
50 Cent,2003,3
50 Cent,2005,1
6ix9ine,2018,1
A Great Big World,2014,1
A.R. Rahman,2009,1
A1,2002,1
AJ Tracey,2019,1
AJR,2017,1
AWOLNATION,2012,1
AWOLNATION,2013,1
Aaliyah,2002,2
Aaliyah,2003,1
Adam Lambert,2010,1
Adam Lambert,2015,1
Adele,2008,1
Adele,2011,3
Adele,2012,2
Adele,2015,4
Adele,2016,3
Aerosmith,2001,1
Agnes,2009,1
Akon,2007,1
Alan Walker,2016,1
Alanis Morissette,2002,1
Alec Benjamin,2019,1
Alessia Cara,2015,1
Alessia Cara,2016,2
Alessia Cara,2017,2
Alesso,2014,1
Alesso,2015,1
Alex & Sierra,2014,1
Alex Clare,2012,1
Alexandra Burke,2008,1
Alexandra Burke,2009,1
Alicia Keys,2001,1
Alicia Keys,2002,1
Alicia Keys,2004,3
Alicia Keys,2005,1
Alicia Keys,2007,1
Alicia Keys,2008,2
Alicia Keys,2010,2
Alina Devecerski,2012,1
All Time Low,2007,1
Aloe Blacc,2010,1
Aloe Blacc,2014,1
Alok,2016,1
Alphabeat,2008,1
AlunaGeorge,2016,1
Amanda Perez,2003,1
American Authors,2014,1
Amerie,2005,1
Aminé,2017,1
Amy Winehouse,2006,3
Amy Winehouse,2007,3
Andy Grammer,2015,1
Andy Grammer,2016,1
Anitta,2018,1
Anne-Marie,2016,1
Anne-Marie,2017,1
Anne-Marie,2018,1
Ansiktet,2012,1
Anuel AA,2019,1
Arctic Monkeys,2005,1
Arctic Monkeys,2006,1
Arctic Monkeys,2007,2
Arctic Monkeys,2013,2
Ariana Grande,2013,1
Ariana Grande,2014,2
Ariana Grande,2015,2
Ariana Grande,2016,2
Ariana Grande,2018,2
Ariana Grande,2019,4
Armand Van Helden,2006,1
Armin van Buuren,2013,1
Asaf Avidan & the Mojos,2012,1
Ashanti,2002,3
Ashanti,2003,2
Ashanti,2004,1
Asher Roth,2009,1
Ashlee Simpson,2004,1
Ashley O,2019,1
Astrid S,2016,1
Atomic Kitten,2001,2
Atomic Kitten,2002,1
Audioslave,2003,1
Ava Max,2019,2
Avant,2004,1
Avicii,2012,2
Avicii,2013,2
Avicii,2014,1
Avicii,2015,2
Avicii,2017,2
Avicii,2019,1
Avril Lavigne,2002,2
Avril Lavigne,2003,1
Avril Lavigne,2004,2
Avril Lavigne,2007,3
Avril Lavigne,2011,1
Avril Lavigne,2013,1
B.o.B,2010,3
B.o.B,2012,1
BLACKPINK,2019,1
BTS,2019,1
Baauer,2013,1
Baby Bash,2003,1
Baby Bash,2004,1
Baby Bash,2005,1
Baby Boy Da Prince,2007,1
Backstreet Boys,2005,1
Bad Bunny,2019,1
Bad Meets Evil,2011,1
Basement Jaxx,2001,1
Basement Jaxx,2004,1
Bastille,2013,2
Bazzi,2018,1
Bebe Rexha,2018,1
Becky G,2014,1
Becky G,2018,1
Beyoncé,2003,1
Beyoncé,2004,1
Beyoncé,2006,3
Beyoncé,2007,1
Beyoncé,2008,1
Beyoncé,2009,3
Beyoncé,2011,2
Beyoncé,2014,1
Beyoncé,2016,1
Biffy Clyro,2008,1
Big Tymers,2002,1
Billie Eilish,2018,1
Billie Eilish,2019,4
Birdy,2011,1
Birdy,2013,1
Black Eyed Peas,2003,1
Black Eyed Peas,2005,1
Black Eyed Peas,2009,2
Black Eyed Peas,2010,2
Black Eyed Peas,2011,1
Blake Shelton,2011,1
Blake Shelton,2013,1
Blanco Brown,2019,1
BlocBoy JB,2018,1
Blu Cantrell,2001,1
Blue,2001,1
Blue,2003,2
Bob Sinclar,2006,1
Bobby Shmurda,2014,1
Bobby V.,2005,1
Bodyrockers,2005,1
Bon Iver,2008,1
Bon Iver,2011,1
Bone Thugs-N-Harmony,2007,1
Bow Wow,2005,2
Bow Wow,2007,2
Boys Like Girls,2007,1
Boys Like Girls,2009,2
Brandy,2002,2
Brian McFadden,2005,1
Bridgit Mendler,2013,1
Britney Spears,2001,1
Britney Spears,2002,2
Britney Spears,2003,1
Britney Spears,2004,3
Britney Spears,2008,1
Britney Spears,2009,3
Britney Spears,2011,2
Britney Spears,2013,1
Bruno Mars,2010,2
Bruno Mars,2011,3
Bruno Mars,2013,3
Bruno Mars,2017,1
Bruno Mars,2018,1
Bryson Tiller,2015,1
Bryson Tiller,2016,2
Bubba Sparxxx,2006,1
Bullet For My Valentine,2005,1
Busta Rhymes,2002,1
Busta Rhymes,2003,1
Busta Rhymes,2006,1
Busted,2002,1
Busted,2003,1
Busted,2004,1
BØRNS,2015,1
CHVRCHES,2013,1
Cage The Elephant,2008,1
Cali Swag District,2010,1
Calum Scott,2016,1
Calvin Harris,2007,1
Calvin Harris,2009,1
Calvin Harris,2011,2
Calvin Harris,2012,2
Calvin Harris,2013,4
Calvin Harris,2014,2
Calvin Harris,2015,1
Calvin Harris,2017,2
Calvin Harris,2018,2
Calvin Harris,2019,1
Camila Cabello,2017,1
Camila Cabello,2018,2
Camila Cabello,2019,1
Camille Jones,2007,1
Cam’ron,2002,2
Capital Cities,2013,1
Cardi B,2018,1
Carly Rae Jepsen,2012,1
Carly Rae Jepsen,2015,1
Carrie Underwood,2007,1
Case,2001,1
Cassie,2006,1
CeeLo Green,2010,1
Chad Kroeger,2002,1
Charlene Soraia,2011,1
Charli Baltimore,2002,1
Charli XCX,2014,1
Charlie Puth,2015,1
Charlie Puth,2016,2
Charlie Puth,2017,1
Chase & Status,2011,1
Cheat Codes,2017,1
Cherish,2006,1
Cheryl,2009,1
Childish Gambino,2013,1
Childish Gambino,2017,1
Chingy,2003,2
Chingy,2004,1
Chingy,2006,1
Chip,2011,1
Chris Brown,2006,1
Chris Brown,2008,2
Chris Brown,2010,1
Chris Brown,2011,2
Chris Brown,2012,1
Chris Brown,2013,1
Chris Brown,2014,1
Chris Brown,2016,1
Christina Aguilera,2003,3
Christina Aguilera,2006,1
Christina Aguilera,2007,1
Christina Milian,2004,1
Christina Perri,2011,2
Christina Perri,2013,2
Ciara,2004,1
Ciara,2005,2
Ciara,2006,1
Ciara,2007,2
Ciara,2013,1
City High,2001,1
City High,2002,1
Clean Bandit,2014,1
Clean Bandit,2015,2
Clean Bandit,2016,1
Clean Bandit,2017,1
Clean Bandit,2018,2
Cobra Starship,2009,1
Cobra Starship,2011,1
Colbie Caillat,2007,1
Colbie Caillat,2008,2
Colbie Caillat,2009,1
Colby O'Donis,2008,1
Cold War Kids,2014,1
Coldplay,2002,3
Coldplay,2003,1
Coldplay,2005,2
Coldplay,2008,2
Coldplay,2011,2
Coldplay,2012,2
Coldplay,2014,2
Coldplay,2016,2
Corinne Bailey Rae,2006,1
Counting Crows,2003,1
Craig David,2001,1
Craig David,2003,1
Craig David,2005,1
Creed,2002,2
Céline Dion,2002,1
D12,2004,1
D4L,2005,1
D4L,2006,1
DB Boulevard,2001,1
DJ Casper,2004,1
DJ Fresh,2011,1
DJ Khaled,2011,1
DJ Khaled,2018,1
DJ Sammy,2002,1
DJ Snake,2014,1
DJ Snake,2016,1
DJ Snake,2018,1
DNCE,2016,1
DaBaby,2019,1
Daddy Yankee,2018,1
Daft Punk,2013,2
Dan + Shay,2019,1
Daniel Bedingfield,2001,1
Daniel Bedingfield,2002,2
Daniel Bedingfield,2003,1
Daniel Merriweather,2009,1
Daniel Powter,2005,1
Danity Kane,2008,1
Danny Saucedo,2012,1
Darius,2002,1
Daughtry,2007,2
Dave,2019,1
David Archuleta,2008,1
David Banner,2005,1
David Guetta,2009,1
David Guetta,2011,2
David Guetta,2012,5
David Guetta,2014,1
David Guetta,2015,1
David Guetta,2018,1
Daya,2016,2
Dean Lewis,2018,1
Death Cab for Cutie,2005,1
Default,2002,1
Delta Goodrem,2002,1
Delta Goodrem,2003,1
Dem Franchize Boyz,2006,1
Demi Lovato,2013,1
Demi Lovato,2015,2
Demi Lovato,2017,1
Den svenska björnstammen,2012,2
Dennis Lloyd,2018,1
Dermot Kennedy,2019,1
Desiigner,2016,1
Destiny's Child,2001,1
Destiny's Child,2004,1
Destiny's Child,2005,3
Diddy,2002,1
Diddy - Dirty Money,2011,1
Dido,2001,1
Dido,2003,1
Dido,2004,1
Dirty Vegas,2002,1
Disclosure,2013,1
Disclosure,2014,1
Disclosure,2015,1
Dizzee Rascal,2008,1
Dizzee Rascal,2009,1
Doja Cat,2019,1
Dominic Fike,2019,1
Donkeyboy,2012,1
Dr. Dre,2011,1
Drake,2009,1
Drake,2010,2
Drake,2011,1
Drake,2012,2
Drake,2013,1
Drake,2016,3
Drake,2017,1
Drake,2018,4
Dua Lipa,2016,1
Dua Lipa,2017,1
Dua Lipa,2018,2
Dua Lipa,2019,1
Duck Sauce,2010,1
Duffy,2008,2
Duke Dumont,2013,1
Duke Dumont,2014,1
Dynoro,2018,1
E-40,2006,1
Eamon,2004,1
Echosmith,2014,1
Ed Sheeran,2011,2
Ed Sheeran,2012,1
Ed Sheeran,2014,5
Ed Sheeran,2015,1
Ed Sheeran,2017,5
Ed Sheeran,2018,3
Ed Sheeran,2019,4
Electric Six,2003,1
Eliza Doolittle,2010,1
Ella Henderson,2014,1
Elle King,2015,1
Ellie Goulding,2010,2
Ellie Goulding,2012,1
Ellie Goulding,2013,1
Ellie Goulding,2014,1
Ellie Goulding,2015,2
Elliott Yamin,2007,1
Elvis Presley,2002,1
Eminem,2001,1
Eminem,2003,1
Eminem,2004,1
Eminem,2005,2
Eminem,2006,1
Eminem,2010,1
Eminem,2013,1
Eminem,2018,1
Emma Bunton,2001,1
Empire of the Sun,2009,1
Enrique Iglesias,2002,2
Enrique Iglesias,2004,1
Enrique Iglesias,2007,1
Enrique Iglesias,2010,1
Enrique Iglesias,2011,1
Enrique Iglesias,2014,1
Enrique Iglesias,2016,1
Enya,2001,1
Eric Church,2011,1
Eric Prydz,2007,1
Eric Prydz,2008,1
Erick Sermon,2001,1
Estelle,2008,1
Evan And Jaron,2001,1
Evanescence,2003,1
Evanescence,2004,1
Evanescence,2006,1
Eve,2001,1
Eve,2002,1
Eve 6,2001,1
Example,2010,1
Example,2011,1
Fabolous,2003,2
Fabolous,2007,1
Fabolous,2009,1
Faith Evans,2002,1
Faith Hill,2001,1
Faithless,2001,1
Fall Out Boy,2005,1
Fall Out Boy,2006,1
Fall Out Boy,2007,2
Fall Out Boy,2013,1
Fall Out Boy,2015,1
Far East Movement,2011,1
Far East Movement,2012,1
Fat Joe,2002,1
Fat Joe,2005,1
Fedde Le Grand,2006,1
Fedde Le Grand,2007,1
Fergie,2006,1
Fergie,2007,3
Fergie,2008,1
Fetty Wap,2015,1
Finger Eleven,2007,1
Finger Eleven,2008,1
Five For Fighting,2001,1
Five For Fighting,2004,1
Flo Rida,2008,1
Flo Rida,2009,1
Flo Rida,2010,1
Flo Rida,2011,1
Flo Rida,2012,4
Flo Rida,2013,1
Floetry,2003,1
Florence + The Machine,2009,2
Florence + The Machine,2011,1
Florence + The Machine,2012,1
Florida Georgia Line,2013,1
Florida Georgia Line,2016,1
Flume,2016,2
Foo Fighters,2005,1
Foo Fighters,2007,1
Fort Minor,2006,1
Foster The People,2011,1
Foster The People,2012,1
Fragma,2001,1
Frank Ocean,2016,1
Frankie J,2003,1
Franz Ferdinand,2004,1
Franz Ferdinand,2005,1
Freya Ridings,2019,1
G-Eazy,2017,1
G-Eazy,2018,1
G-Unit,2004,1
G.R.L.,2014,1
Gabriella Cilmi,2008,1
Gabrielle,2001,2
Gareth Gates,2002,2
Gary Jules,2004,1
Gavin DeGraw,2004,1
Gavin DeGraw,2005,1
Gavin DeGraw,2008,1
George Ezra,2014,1
George Michael,2004,1
Ginuwine,2001,1
Ginuwine,2003,1
Girls Aloud,2003,2
Girls Aloud,2004,1
Girls Aloud,2006,1
Glee Cast,2010,1
Gnarls Barkley,2006,1
Good Charlotte,2003,1
Gorgon City,2014,1
Gorillaz,2001,1
Gorillaz,2005,2
Gotye,2012,1
Green Day,2004,1
Green Day,2005,2
Green Day,2009,1
Grouplove,2011,1
Gwen Stefani,2004,1
Gwen Stefani,2005,3
Gwen Stefani,2006,1
Gwen Stefani,2007,1
Gym Class Heroes,2007,1
Gym Class Heroes,2011,1
Gym Class Heroes,2012,1
Hailee Steinfeld,2015,1
Hailee Steinfeld,2016,1
Hailee Steinfeld,2017,2
Hailee Steinfeld,2018,1
Halsey,2017,1
Halsey,2019,1
Harry Styles,2017,1
Hear'Say,2001,1
Hellogoodbye,2007,1
Hilltop Hoods,2016,1
Hinder,2006,1
Hinder,2007,1
Hoobastank,2004,1
Hot Chelle Rae,2011,1
Howie Day,2005,1
Hozier,2015,1
Huey,2007,1
INNA,2010,1
Icona Pop,2012,1
Icona Pop,2013,1
Idina Menzel,2014,1
Iggy Azalea,2014,1
Illy,2016,1
Imagine Dragons,2013,2
Imagine Dragons,2014,1
Imagine Dragons,2017,3
Imagine Dragons,2018,2
Incubus,2001,1
Ivi Adamou,2012,1
Iyaz,2010,1
J-Kwon,2004,1
J. Cole,2013,1
J. Cole,2019,1
J. Holiday,2007,1
J. Holiday,2008,1
JAY-Z,2001,1
JAY-Z,2003,2
JAY-Z,2004,1
JAY-Z,2009,2
JAY-Z,2010,2
JAY-Z,2012,1
JAY-Z,2013,1
JLS,2009,2
JP Cooper,2017,1
Ja Rule,2001,2
Ja Rule,2002,1
Ja Rule,2003,1
Jack Johnson,2005,2
Jack White,2008,1
Jagged Edge,2001,2
Jaheim,2003,1
Jamelia,2003,1
James Arthur,2016,1
James Arthur,2017,1
James Bay,2015,2
James Blunt,2005,1
James Blunt,2006,1
James Blunt,2007,1
James Blunt,2013,1
James Morrison,2006,2
James Morrison,2008,2
James Morrison,2009,1
James Morrison,2011,1
James TW,2016,1
Jamie Foxx,2009,1
Jamiroquai,2001,1
Janet Jackson,2001,2
Jarryd James,2015,1
Jason Aldean,2009,1
Jason Aldean,2011,1
Jason Derulo,2009,1
Jason Derulo,2010,3
Jason Derulo,2011,2
Jason Derulo,2013,1
Jason Derulo,2014,1
Jason Derulo,2015,1
Jason Mraz,2009,1
Jason Mraz,2012,1
Jay Sean,2004,1
Jay Sean,2010,2
Jeezy,2005,1
Jennifer Hudson,2008,1
Jennifer Lopez,2001,3
Jennifer Lopez,2002,1
Jennifer Lopez,2003,2
Jennifer Lopez,2011,1
Jennifer Lopez,2012,1
Jeremih,2015,1
Jess Glynne,2015,1
Jesse McCartney,2005,1
Jesse McCartney,2008,1
Jessica Simpson,2001,1
Jessica Simpson,2004,1
Jessie J,2011,2
Jessie J,2012,1
Jessie J,2014,1
Jessie J,2015,1
Jet,2004,1
Jim Jones,2007,1
Jimmy Eat World,2001,1
Jimmy Eat World,2002,1
JoJo,2004,1
JoJo,2006,1
Joe,2001,1
Joel Adams,2015,1
Joel Corry,2019,1
John Legend,2005,1
John Legend,2008,1
John Legend,2014,1
John Legend,2016,1
John Mayer,2001,1
John Mayer,2002,1
John Mayer,2003,1
John Mayer,2004,1
John Mayer,2006,1
John Mayer,2008,2
John Mayer,2010,2
John Newman,2013,1
Jon Bellion,2016,1
Jonas Blue,2015,1
Jonas Blue,2016,2
Jonas Blue,2018,1
Jonas Blue,2019,1
Jonas Brothers,2008,1
Jonas Brothers,2019,2
Jordin Sparks,2008,3
Jordin Sparks,2009,1
Juanes,2004,1
Juice WRLD,2018,1
Juice WRLD,2019,1
Julia Michaels,2017,1
Junior Senior,2003,1
Just Jack,2007,1
Justin Bieber,2009,1
Justin Bieber,2010,1
Justin Bieber,2012,2
Justin Bieber,2013,1
Justin Bieber,2015,2
Justin Bieber,2016,3
Justin Bieber,2017,1
Justin Timberlake,2002,1
Justin Timberlake,2003,2
Justin Timberlake,2006,1
Justin Timberlake,2007,4
Justin Timberlake,2013,2
Justin Timberlake,2014,1
Justin Timberlake,2016,1
Juvenile,2004,1
K'NAAN,2010,1
K-Ci & JoJo,2001,1
KT Tunstall,2005,1
KT Tunstall,2006,1
Kaiser Chiefs,2005,2
Kaiser Chiefs,2007,1
Kane Brown,2019,1
Kanye West,2004,3
Kanye West,2005,2
Kanye West,2006,1
Kanye West,2007,1
Kanye West,2008,4
Kanye West,2009,2
Kanye West,2011,1
Kanye West,2012,1
Kanye West,2013,1
Kasabian,2009,1
Kate Nash,2007,1
Katie Melua,2004,1
Katie Melua,2005,1
Katy Perry,2008,2
Katy Perry,2009,2
Katy Perry,2010,3
Katy Perry,2011,3
Katy Perry,2012,1
Katy Perry,2013,3
Katy Perry,2014,1
Katy Perry,2017,1
Katy Perry,2019,1
Keala Settle,2018,1
Keane,2004,1
Keane,2006,1
Kehlani,2019,1
Kelis,2004,2
Kelis,2006,1
Kelly Clarkson,2002,1
Kelly Clarkson,2003,2
Kelly Clarkson,2005,4
Kelly Clarkson,2006,1
Kelly Clarkson,2009,2
Kelly Clarkson,2012,1
Kelly Rowland,2003,1
Kelly Rowland,2010,1
Kelly Rowland,2011,1
Kendrick Lamar,2015,1
Kendrick Lamar,2017,3
Kendrick Lamar,2018,2
Keri Hilson,2009,2
Keri Hilson,2011,1
Kesha,2010,4
Kesha,2011,2
Kesha,2017,1
Keyshia Cole,2006,1
Keyshia Cole,2007,1
Khalid,2017,2
Khalid,2018,2
Khalid,2019,2
Kid Cudi,2009,1
Kid Rock,2003,1
Kid Rock,2008,1
Kiesza,2014,1
Kiiara,2016,1
Kings of Leon,2008,2
Kings of Leon,2009,2
Klangkarussell,2013,1
Klaxons,2007,1
Klingande,2014,1
Kodaline,2013,2
Kris Allen,2010,1
Kungs,2016,1
Kygo,2015,3
Kygo,2016,2
Kygo,2017,3
Kygo,2019,1
Kylie Minogue,2001,2
Kylie Minogue,2002,4
Kylie Minogue,2004,1
Kylie Minogue,2008,1
LL Cool J,2002,1
LL Cool J,2004,1
LL Cool J,2006,1
LMC,2004,1
LMFAO,2011,1
LMFAO,2012,2
La Roux,2009,2
Labrinth,2011,1
Labrinth,2014,1
Lady A,2010,1
Lady A,2011,1
Lady Gaga,2009,4
Lady Gaga,2010,3
Lady Gaga,2011,2
Lady Gaga,2019,1
Laleh,2012,1
Lana Del Rey,2012,1
Lana Del Rey,2013,1
Lana Del Rey,2017,1
Lana Del Rey,2019,1
Lauv,2018,1
Lauv,2019,1
Lemar,2004,1
Lenny Kravitz,2001,1
Leona Lewis,2006,1
Leona Lewis,2007,1
Leona Lewis,2008,3
Lewis Capaldi,2019,4
Lifehouse,2001,1
Lifehouse,2005,1
Lil Baby,2018,1
Lil Dicky,2018,1
Lil Jon & The East Side Boyz,2005,1
Lil Nas X,2019,2
Lil Peep,2017,1
Lil Uzi Vert,2017,1
Lil Uzi Vert,2018,1
Lil Wayne,2008,2
Lil Wayne,2010,1
Lil Wayne,2011,2
Lil Wayne,2012,1
Lil' Flip,2004,1
Lil' Kim,2003,2
Lilly Wood and The Prick,2014,1
Lily Allen,2006,1
Lily Allen,2009,2
Lily Allen,2013,1
Limp Bizkit,2003,1
Linkin Park,2003,1
Linkin Park,2004,2
Linkin Park,2007,1
Linkin Park,2008,1
Linkin Park,2009,1
Little Mix,2015,1
Little Mix,2016,1
Lizzo,2019,2
Lloyd,2004,1
Lloyd,2007,2
Lloyd Banks,2004,1
Logic,2017,1
Lonestar,2001,1
Lorde,2013,2
Lorde,2014,2
Lorde,2017,1
Loreen,2012,1
Lost Frequencies,2015,1
Loud Luxury,2018,1
Ludacris,2001,1
Ludacris,2002,1
Ludacris,2003,1
Ludacris,2004,1
Ludacris,2005,1
Ludacris,2006,1
Ludacris,2007,1
Ludacris,2010,2
Luis Fonsi,2017,1
Luis Fonsi,2018,1
Lukas Graham,2016,1
Luke Christopher,2015,1
Lumidee,2003,1
Lunay,2019,1
Lupe Fiasco,2008,1
Lupe Fiasco,2011,1
Lykke Li,2011,1
Lykke Li,2012,1
Låpsley,2015,1
M.I.A.,2008,1
M83,2011,1
M83,2012,1
MAGIC!,2014,1
MGMT,2008,1
MIKA,2007,3
MKTO,2014,1
MNEK,2016,1
Mac Miller,2011,1
Machine Gun Kelly,2017,1
Macklemore,2017,1
Macklemore & Ryan Lewis,2013,2
Madonna,2001,1
Madonna,2002,1
Madonna,2005,1
Madonna,2006,1
Madonna,2008,1
Maggie Lindemann,2017,1
Maggie Rogers,2019,1
Major Lazer,2015,1
Major Lazer,2016,1
Maluma,2018,1
Manic Street Preachers,2007,1
Mann,2011,1
Marc E. Bassy,2016,1
Mariah Carey,2001,1
Mariah Carey,2005,2
Mariah Carey,2008,1
Mariah Carey,2009,1
Mario,2002,1
Mario,2004,1
Mario,2005,1
Mario,2009,1
Mario Winans,2004,1
Mark Ronson,2007,2
Mark Ronson,2015,1
Mark Ronson,2019,1
Maroon 5,2004,2
Maroon 5,2007,1
Maroon 5,2010,1
Maroon 5,2011,1
Maroon 5,2012,3
Maroon 5,2013,1
Maroon 5,2014,2
Maroon 5,2015,1
Maroon 5,2017,2
Maroon 5,2018,2
Marshmello,2017,1
Marshmello,2018,3
Marshmello,2019,3
Martin Garrix,2017,1
Martin Jensen,2017,1
Mary J. Blige,2001,1
Mary J. Blige,2002,2
Mary J. Blige,2006,2
Mary J. Blige,2008,1
Matchbox Twenty,2001,1
Matchbox Twenty,2003,1
Matt Cardle,2010,1
Maxwell,2009,1
McFly,2004,1
McFly,2005,1
McFly,2006,1
Meck,2006,1
Megan Thee Stallion,2019,1
Meghan Trainor,2014,1
Meghan Trainor,2015,3
Meghan Trainor,2016,1
Metro Station,2008,1
Michael Bublé,2005,1
Michael Bublé,2007,1
Michael Bublé,2009,1
Michael Bublé,2013,1
Michael Franti & Spearhead,2008,1
Michel Teló,2012,1
Michelle Branch,2002,1
Migos,2017,1
Migos,2018,2
Miguel,2011,1
Miguel,2017,1
Mike Perry,2016,1
Mike Posner,2010,1
Miley Cyrus,2008,1
Miley Cyrus,2009,2
Miley Cyrus,2010,1
Miley Cyrus,2013,2
Miley Cyrus,2017,1
Miley Cyrus,2019,1
Milky Chance,2014,1
Missy Elliott,2001,1
Missy Elliott,2002,2
Missy Elliott,2003,2
Missy Elliott,2005,1
Moa Lignell,2012,1
Monica,2003,1
Mr. Probz,2014,1
Mumford & Sons,2012,2
Mumford & Sons,2013,1
Mumford & Sons,2015,1
Muse,2006,1
Muse,2009,1
Musiq Soulchild,2001,1
Musiq Soulchild,2002,1
My Chemical Romance,2006,1
My Chemical Romance,2007,1
MØ,2016,1
Mýa,2003,1
N.E.R.D,2004,1
N.O.R.E.,2002,1
NEIKED,2016,1
NF,2018,1
NLE Choppa,2019,1
NSG,2019,1
Nas,2003,1
Natalie Imbruglia,2005,1
Natalie La Rose,2014,1
Natasha Bedingfield,2004,1
Natasha Bedingfield,2006,1
Natasha Bedingfield,2008,1
Natti Natasha,2018,1
Naughty Boy,2013,1
Nause,2012,1
Ne-Yo,2006,2
Ne-Yo,2007,1
Ne-Yo,2008,1
Ne-Yo,2009,2
Ne-Yo,2010,1
Nelly,2002,1
Nelly,2003,1
Nelly,2004,1
Nelly,2005,1
Nelly,2006,1
Nelly,2010,1
Nelly,2013,1
Nelly Furtado,2001,2
Nelly Furtado,2006,1
Nelly Furtado,2007,1
Neon Trees,2010,1
Neon Trees,2012,1
Niall Horan,2016,1
Niall Horan,2017,1
Nick Jonas,2014,1
Nick Jonas,2016,1
Nick Lachey,2006,1
Nickelback,2002,1
Nickelback,2003,1
Nickelback,2005,1
Nickelback,2006,2
Nickelback,2009,2
Nickelback,2011,1
Nickelback,2012,1
Nicki Minaj,2011,1
Nicki Minaj,2012,1
Nicki Minaj,2014,1
Nicky Jam,2015,1
Nicky Jam,2018,1
Nico & Vinz,2014,1
Nico & Vinz,2015,1
Nicole Scherzinger,2011,1
Nio Garcia,2018,1
Nizlopi,2006,1
No Doubt,2001,1
No Doubt,2002,2
No Doubt,2003,1
No Doubt,2004,1
Noah And The Whale,2008,1
Noah And The Whale,2011,1
Norlie & KKV,2012,2
Normani,2019,1
O-Town,2001,1
OPM,2001,1
Oasis,2002,2
Oasis,2005,1
Of Monsters and Men,2012,1
Of Monsters and Men,2013,1
Offset,2018,1
Olivia Holt,2016,1
Olly Murs,2011,1
Olly Murs,2013,1
Olly Murs,2014,2
Omarion,2007,1
One Direction,2011,1
One Direction,2012,1
One Direction,2013,2
One Direction,2014,3
One Direction,2015,2
One Direction,2016,1
OneRepublic,2008,1
OneRepublic,2009,2
OneRepublic,2011,1
OneRepublic,2013,1
OneRepublic,2014,2
OneRepublic,2017,1
Orson,2006,1
OutKast,2001,1
OutKast,2002,1
OutKast,2003,1
OutKast,2004,3
Owl City,2009,1
Owl City,2010,1
Owl City,2012,1
Ozuna,2018,2
P!nk,2002,2
P!nk,2006,2
P!nk,2009,3
P!nk,2011,2
P!nk,2013,2
P!nk,2016,1
P!nk,2017,1
P!nk,2019,1
P.O.D.,2001,1
PARTYNEXTDOOR,2016,1
PNAU,2017,1
PSY,2012,1
Paloma Faith,2014,1
Panetoz,2012,1
Panic! At The Disco,2006,1
Panic! At The Disco,2019,1
Panjabi MC,2003,1
Paolo Nutini,2006,1
Paolo Nutini,2007,1
Papa Roach,2005,1
Paramore,2007,1
Paramore,2009,1
Paramore,2013,2
Paramore,2014,1
Passenger,2013,1
Paulo Londra,2019,1
Pedro Capó,2019,1
Peking Duk,2014,1
Pendulum,2008,1
Petey Pablo,2004,1
Petit Biscuit,2015,1
Pharrell Williams,2003,1
Pharrell Williams,2014,1
Phillip Phillips,2013,1
Phoenix,2009,1
Piso 21,2018,1
Pitbull,2012,1
Pixie Lott,2009,1
Plain White T's,2007,1
Plan B,2010,1
Playboi Carti,2017,1
Plies,2007,1
Plies,2008,2
Portugal. The Man,2017,1
Portugal. The Man,2018,1
Post Malone,2016,2
Post Malone,2017,2
Post Malone,2018,6
Post Malone,2019,4
Pretty Ricky,2005,2
Pretty Ricky,2007,1
Professor Green,2011,1
Puddle Of Mudd,2002,2
Queen,2019,1
R. Kelly,2002,1
R. Kelly,2003,1
R. Kelly,2004,1
Rachel Platten,2015,1
Rachel Stevens,2003,1
Rag'n'Bone Man,2017,2
Rascal Flatts,2006,2
Ray J,2005,1
Ray J,2008,1
Razorlight,2006,2
Red Hot Chili Peppers,2002,2
Red Hot Chili Peppers,2006,1
Red Hot Chili Peppers,2007,1
Red Hot Chili Peppers,2011,1
Regard,2019,1
Reik,2018,1
Rich Boy,2007,1
Rich The Kid,2018,1
Ricky Martin,2001,1
Rihanna,2006,1
Rihanna,2007,3
Rihanna,2008,2
Rihanna,2009,1
Rihanna,2010,4
Rihanna,2011,2
Rihanna,2012,2
Rihanna,2013,1
Rihanna,2015,1
Rihanna,2016,2
Rihanna,2017,1
Rita Ora,2014,1
Rita Ora,2017,2
Rixton,2014,1
Rizzle Kicks,2011,1
Rob Thomas,2005,1
Robbie Williams,2001,1
Robbie Williams,2002,1
Robbie Williams,2003,1
Robbie Williams,2005,1
Robin Thicke,2007,1
Robin Thicke,2013,1
Robyn,2007,1
Robyn,2010,1
Roger Sanchez,2001,1
Ronan Keating,2001,1
Ronan Keating,2002,1
Room 5,2003,1
Route 94,2014,1
Rudimental,2013,1
Rudimental,2015,1
Rudimental,2018,1
Rui Da Silva,2001,1
Russ,2017,1
Ruth B.,2016,1
Ryan Cabrera,2005,1
S Club 7,2001,2
SAYGRACE,2015,1
SAYGRACE,2016,1
SZA,2017,1
Sak Noel,2011,1
Sam Feldt,2019,1
Sam Smith,2014,3
Sam Smith,2015,3
Sam Smith,2017,1
Sam Smith,2018,1
Sam Smith,2019,2
Sam Sparro,2008,1
Sandi Thom,2006,1
Santana,2003,2
Sara Bareilles,2008,1
Sara Bareilles,2010,1
Saving Abel,2008,1
Saweetie,2019,1
ScHoolboy Q,2014,2
Scissor Sisters,2004,2
Scissor Sisters,2006,1
Scooter,2002,1
Scouting For Girls,2007,1
Scouting For Girls,2008,2
Scouting For Girls,2010,1
Sean Banan,2012,1
Sean Kingston,2010,1
Sean Paul,2003,1
Sean Paul,2006,1
Sean Paul,2012,1
Sebastian Ingrosso,2013,1
Sech,2019,1
Secondhand Serenade,2008,1
Seether,2007,1
Selena Gomez,2013,1
Selena Gomez,2014,1
Selena Gomez,2015,5
Selena Gomez,2016,2
Selena Gomez,2017,1
Selena Gomez,2018,2
Selena Gomez,2019,1
Selena Gomez & The Scene,2009,1
Selena Gomez & The Scene,2011,2
September,2007,1
September,2008,1
Shakira,2002,1
Shakira,2005,1
Shakira,2006,1
Shakira,2009,1
Shawn Mendes,2015,1
Shawn Mendes,2016,3
Shawn Mendes,2017,3
Shawn Mendes,2018,1
Shawn Mendes,2019,2
Shayne Ward,2005,1
Shayne Ward,2006,1
Sheppard,2014,1
Sheppard,2015,1
Sheryl Crow,2002,1
Sheryl Crow,2004,1
Shinedown,2009,1
Shontelle,2010,1
Sia,2004,1
Sia,2014,2
Sia,2016,2
Sidney Samson,2010,1
Sigala,2015,1
Sigala,2016,1
Sigala,2017,1
Sigala,2019,1
Sigma,2014,1
Sigrid,2019,1
Simple Plan,2012,1
Simply Red,2003,1
Skrillex,2012,3
Snakehips,2015,1
Snakehips,2016,1
Snakehips,2017,1
Snoop Dogg,2003,1
Snoop Dogg,2012,1
Snow Patrol,2006,2
Snow Patrol,2007,1
Sofia Reyes,2018,1
Sophie Ellis-Bextor,2002,1
Soulja Boy,2009,1
Special D.,2004,1
Spiderbait,2004,1
Staind,2001,1
Starley,2017,1
Stefflon Don,2017,1
Steps,2001,1
Stereophonics,2002,1
Stereophonics,2005,1
Steve Aoki,2016,1
Stiftelsen,2012,1
Storm Queen,2013,1
Stormzy,2019,1
Stromae,2010,1
Stromae,2013,1
Sugababes,2002,2
Sugababes,2003,2
Sugababes,2004,1
Sugababes,2005,1
Sugababes,2007,1
Sugar Ray,2001,1
Sugarland,2010,1
Sum 41,2001,2
Sunshine Anderson,2001,1
Swedish House Mafia,2010,2
Swedish House Mafia,2011,1
Swedish House Mafia,2012,2
Switchfoot,2003,1
T-Pain,2005,1
T-Pain,2006,1
T-Pain,2007,1
T-Pain,2008,1
T.I.,2004,1
T.I.,2006,1
T.I.,2009,1
Tacabro,2012,1
Taio Cruz,2010,1
Taio Cruz,2011,1
Taio Cruz,2012,1
Take That,2006,1
Take That,2007,3
Take That,2008,1
Take That,2010,1
Takida,2012,1
Tame Impala,2015,1
Tamia,2001,1
Taylor Swift,2008,1
Taylor Swift,2009,2
Taylor Swift,2010,3
Taylor Swift,2013,3
Taylor Swift,2014,4
Taylor Swift,2015,3
Taylor Swift,2017,2
Taylor Swift,2019,2
The 1975,2013,1
The 1975,2016,1
The All-American Rejects,2005,1
The All-American Rejects,2006,3
The All-American Rejects,2009,1
The Band Perry,2010,1
The Band Perry,2011,1
The Calling,2001,1
The Calling,2002,1
The Chainsmokers,2015,1
The Chainsmokers,2016,3
The Chainsmokers,2017,3
The Chemical Brothers,2005,1
The Chicks,2002,1
The Click Five,2005,1
The Coral,2005,1
The Darkness,2003,1
The Feeling,2006,1
The Fratellis,2006,1
The Fray,2006,2
The Fray,2007,1
The Fray,2009,2
The Game,2005,1
The Goo Goo Dolls,2002,1
The Hoosiers,2007,1
The Isley Brothers,2001,1
The Killers,2004,1
The Killers,2006,1
The Killers,2008,1
The Kooks,2006,2
The Lumineers,2013,1
The Lumineers,2016,1
The Neighbourhood,2013,1
The Notorious B.I.G.,2006,1
The Offspring,2008,1
The Prodigy,2009,1
The Pussycat Dolls,2005,2
The Pussycat Dolls,2006,1
The Pussycat Dolls,2008,1
The Pussycat Dolls,2009,1
The Raconteurs,2006,1
The Red Jumpsuit Apparatus,2007,1
The Saturdays,2010,1
The Saturdays,2013,1
The Script,2008,1
The Script,2009,1
The Script,2010,1
The Script,2012,1
The Script,2014,1
The Shapeshifters,2004,1
The Streets,2004,2
The Strokes,2001,1
The Strokes,2003,1
The Supermen Lovers,2001,1
The Temper Trap,2009,1
The Ting Tings,2008,2
The Vamps,2017,2
The Veronicas,2009,1
The Wanted,2010,1
The Wanted,2011,1
The Wanted,2012,1
The Weeknd,2015,3
The Weeknd,2017,1
The Weeknd,2018,2
The White Stripes,2003,1
The xx,2009,1
The-Dream,2008,1
The-Dream,2009,1
Thirty Seconds To Mars,2005,1
Thomas Rhett,2015,1
Three Days Grace,2003,1
Tim Berg,2010,1
Tim McGraw,2004,1
Timbaland,2007,1
Timbaland,2008,1
Timbaland,2010,2
Timbuktu,2012,1
Timeflies,2016,1
Tinashe,2014,1
Tiësto,2014,2
Tiësto,2018,1
Toby Keith,2005,1
Tom Odell,2013,1
Tom Walker,2019,1
Tones And I,2019,1
Tory Lanez,2016,1
Tove Lo,2014,2
Tove Lo,2015,1
Tove Lo,2016,1
Train,2001,1
Train,2003,1
Train,2010,1
Train,2012,1
Trapt,2003,1
Travie McCoy,2010,1
Travis,2001,1
Travis Scott,2018,1
Trey Songz,2008,1
Trey Songz,2010,2
Trey Songz,2015,1
Trick Daddy,2001,1
Trillville,2005,1
Troye Sivan,2015,1
Truth Hurts,2002,1
Tweet,2002,1
Twenty One Pilots,2015,1
Twenty One Pilots,2016,3
Twista,2004,3
Two Door Cinema Club,2010,1
Tyga,2012,1
Tyga,2018,1
"Tyler, The Creator",2019,1
Tyrese,2003,1
U2,2004,1
U2,2005,1
Ultrabeat,2003,1
Uncle Kracker,2001,1
Uncle Kracker,2003,1
Uncle Kracker,2009,1
Usher,2001,1
Usher,2002,2
Usher,2004,4
Usher,2005,2
Usher,2008,1
Usher,2010,1
Usher,2011,1
Usher,2012,1
Vampire Weekend,2008,1
Vance Joy,2014,1
Vanessa Carlton,2002,1
WALK THE MOON,2015,1
Waka Flocka Flame,2010,1
Waka Flocka Flame,2011,1
Wale,2013,1
Wayne Wonder,2003,1
Weezer,2001,1
Weezer,2005,1
Westlife,2001,1
Westlife,2002,1
Westlife,2003,1
Westlife,2005,1
Westlife,2006,1
Westlife,2007,1
Wiley,2019,1
Will Young,2002,1
Will Young,2003,1
Will Young,2004,1
Wiz Khalifa,2011,1
Wiz Khalifa,2015,1
Wolfine,2018,1
Wyclef Jean,2001,1
Wyclef Jean,2007,1
X Ambassadors,2015,2
X Ambassadors,2016,1
XXXTENTACION,2017,1
XXXTENTACION,2018,6
Years & Years,2015,2
Ying Yang Twins,2004,1
Ying Yang Twins,2005,1
Ylvis,2013,1
Yolanda Be Cool,2010,1
Young Money,2010,1
Young T & Bugsey,2019,1
Young Thug,2019,1
Youngbloodz,2003,1
Youngbloodz,2006,1
Yung Joc,2006,1
ZAYN,2016,1
ZAYN,2017,2
ZAYN,2018,1
ZHU,2014,1
Zac Efron,2018,1
Zara Larsson,2015,2
Zara Larsson,2016,1
Zedd,2013,1
Zedd,2014,2
Zedd,2015,1
Zedd,2017,1
Zedd,2018,1
benny blanco,2018,1
benny blanco,2019,1
blackbear,2017,1
blink-182,2003,1
fun.,2012,2
gnash,2016,1
iio,2001,1
t.A.T.u.,2003,1
will.i.am,2008,1
will.i.am,2012,1